{"Accuracy": 1.6931226253509521, "Mean Squared Error": 1.6931225488919865, "Mean Absolute Error": 1.0262972275877624}