{"Accuracy": 1.6959340572357178, "Mean Squared Error": 1.6959341929362701, "Mean Absolute Error": 1.0148201637439276}